metric,discriminative_accuracy
AGEE,0.9401666666666667
Hits@1,0.9976666666666666
PR,0.9596666666666667
IDS,0.9976666666666666
UPR,0.991
