llm,source,n,memory_rate,memory_rate_lo,memory_rate_hi,hits_overall,hits_overall_lo,hits_overall_hi,agee_traversal,agee_lo,agee_hi,S_traversal,S_lo,S_hi,I_traversal,I_lo,I_hi,E_traversal,E_lo,E_hi
Qwen-2.5-7B,measured,196,0.6122448979591837,0.5402018270214882,0.6808378919268636,0.3979591836734694,0.32889965900764706,0.4701544988891357,0.5937553753963529,0.5685454325997448,0.6188909424514469,0.6269564240842641,0.5677962052881068,0.6867599884486009,0.39838777370701406,0.36632095795735736,0.4315681441783069,0.9611177946283863,0.9453679150119506,0.9748888407164842
Llama-3.1-8B,estimated,196,0.3112244897959184,0.24716425930227923,0.3811007174338133,0.5663265306122449,0.49383688093780037,0.6367790375824025,0.6057889996853953,0.5929158673729735,0.6186000313534783,0.723541250076877,0.686741557283566,0.75760133285598,0.32553785994796514,0.3065068379683484,0.3475555616628093,0.9586572592342603,0.9473397729796355,0.9686721567702388
Mistral-7B-v0.3,estimated,196,0.5969387755102041,0.5246788279990159,0.6662200028595611,0.34183673469387754,0.2757367684837454,0.4128040998042348,0.6070266269391508,0.5825613973742814,0.6287210521707682,0.6485553942508157,0.5862589503737115,0.7026810146974661,0.3967675558005247,0.3663676967113549,0.4272858818459283,0.9756703364845097,0.9641449185271568,0.9853015217967076
Qwen-2.5-14B,estimated,196,0.5102040816326531,0.4379800116913938,0.5821148644567857,0.46938775510204084,0.39790554884742807,0.5418098914980506,0.6129864313603046,0.597332863520117,0.6303825659396409,0.6888397507610621,0.646509514762244,0.731737707813839,0.3663158377440019,0.34213185861482825,0.3911762548356891,0.9611200055314307,0.9486166082279244,0.9722226992011742
GPT-4o-mini,estimated,196,0.25510204081632654,0.19565682176328764,0.32211426770545915,0.7602040816326531,0.6941882438637078,0.8181716370649617,0.6003773686122957,0.5843005485797184,0.6157470351663478,0.7050227257261515,0.666826272984481,0.7423068707263868,0.3330425782414259,0.3142999503670001,0.3505807023796958,0.952414785002543,0.9402533594629835,0.9628215080724278
