system,n,hits,hits_lo,hits_hi,agee,agee_lo,agee_hi,S,S_lo,S_hi,I,I_lo,I_hi,E,E_lo,E_hi,traj_len_mean
ToG,74,0.9324324324324325,0.8493212714569215,0.9776984876707647,0.5544517049896677,0.52878578051943,0.5798289106796884,0.6074288698401519,0.5461828801224202,0.6684073199716672,0.3154188279738118,0.2897981092622679,0.3412255564583426,0.9658373329794399,0.9517629932335528,0.9795172234948193,7.04054054054054
PoG,74,0.9594594594594594,0.8860627432529786,0.9915602436291919,0.560284791527059,0.5364995996161789,0.5814551199429336,0.64168628255908,0.5876305489492016,0.697799149528365,0.3020115098316155,0.27874595399910507,0.3282804617546306,0.9553347597536428,0.9379428347601237,0.9713532499619992,7.716216216216216
KG-Agent,74,0.9459459459459459,0.8673448587781756,0.9850776548078481,0.5737653048660146,0.5487909179795837,0.5975296609697893,0.5450500369432282,0.48552589789066986,0.5976980385906793,0.4164740511233392,0.39805667660037164,0.43786830117957726,0.9548976813757598,0.9374556870000293,0.9701702234056424,4.891891891891892
Graph-CoT,74,0.581081081081081,0.4606164895488791,0.6948512039183579,0.6170954451994788,0.5944266566836129,0.6399452934600492,0.6035567203188494,0.5470132314718407,0.6583210649170974,0.4507147751109814,0.4300535031053535,0.47321943442819514,0.9757870874469569,0.9622382642913135,0.9875256657468703,4.472972972972973
